Nama SPKLU,Alamat,Waktu Operasi,Jam Buka,Jarak,Konektor,Charging Slots,Ketersediaan,Timestamp
SPKLU PLN ULP BATUSANGKAR,"Jl. Ps. Papan, Baringin, Kec. Lima Kaum, Kabupaten Tanah Datar, Sumatera Barat 27212",Buka 24 Jam,5.0,81.46 km,1/1 Konektor Tersedia,"('22 kW',)","(1,)",2025-05-15 17:59:08
SPKLU Hotel Prime Park,"Jl. Jendral Sudirman No 3, Simpang Tiga, Kota Pekanbaru, Riau",Buka 24 Jam,0.0,85.19 km,1/1 Konektor Tersedia,"('22 kW',)","(1,)",2025-05-15 18:01:02
SPKLU PLN ULP TAKENGON,"Jl. Lebe Kader No.89, Simpang Empat, Kec. Bebesen, Kabupaten Aceh Tengah, Aceh",Buka 24 Jam,4.0,735.99 km,1/1 Konektor Tersedia,(),(),2025-05-15 18:59:18
SPKLU PLN ULP KABANJAHE,"Jl. Veteran, Sumber Mufakat, Kec. Kabanjahe, Kabupaten Karo, Sumatera Utara 22152",Buka 24 Jam,5.0,488.57 km,1/1 Konektor Tersedia,"('22 kW',)","(1,)",2025-05-15 18:34:52
SPKLU PLN HOME SMART MEDAN,"Jl. Gatot Subroto No.102, Sei Putih Bar., Kec. Medan Petisah, Kota Medan, Sumatera Utara 20118",Buka 24 Jam,4.75,520.10 km,0/1 Konektor Tersedia,"('25 kW',)","(0,)",2025-05-15 18:43:01
SPKLU PLN UID LAMPUNG,"Jl. ZA. Pagar Alam No.5, Rajabasa, Kota Banjar Lampung, Lampung 35144",Buka 24 Jam,4.88,711.26 km,3/3 Konektor Tersedia,"('100 kW', '100 kW', '22 kW')","(1, 1, 1)",2025-05-15 18:55:30
SPKLU PLN KP RIMBO DATA,"Tanjuang Balik, Kec. Pangkalan Koto Baru, Kabupaten Lima Puluh Kota, Sumatera Barat 26272",Buka 24 Jam,0.0,78.91 km,1/1 Konektor Tersedia,"('22 kW',)","(1,)",2025-05-15 17:58:52
SPKLU PLN ULP NUSA INDAH,"Jl. Pangeran Natadirja No.65, Jl. Gedang, Kec. Gading Cempaka, Kota Bengkulu, Bengkulu 38225",Buka 24 Jam,0.0,406.80 km,1/1 Konektor Tersedia,"('22 kW',)","(1,)",2025-05-15 18:26:33
SPKLU MALL PELAYANAN PUBLIK JAMBI,"Jalan Paal Lima, Kota Baru, Kota Jambi",Buka 24 Jam,5.0,296.16 km,1/1 Konektor Tersedia,"('22 kW',)","(1,)",2025-05-15 18:20:26
SPKLU PLN ULP SIMPANG TIGA,"Jl. Kartama, Perhentian Marpoyan, Kec. Marpoyan Damai, Kota Pekanbaru, Riau",Buka 24 Jam,4.93,81.78 km,1/1 Konektor Tersedia,"('22 kW',)","(1,)",2025-05-15 17:59:35
SPKLU HOTEL MERCURE BENGKULU,"Jl. S. Parman No.27, Padang Jati, Kec. Ratu Samban, Kota Bengkulu, Provinsi Bengkulu 38227",Buka 24 Jam,5.0,403.75 km,1/1 Konektor Tersedia,"('22 kW',)","(1,)",2025-05-15 18:26:07
SPKLU PLN ULP TAIS,"Lubuk Kebur, Kec.Seluma, Kab.Seluma, Bengkulu 38878",Buka 24 Jam,5.0,442.71 km,1/1 Konektor Tersedia,"('22 kW',)","(1,)",2025-05-15 18:28:59
SPKLU PLN PANDAN VIEW,"Jln. Mandeh, Ampang Pulai, Koto XI Tarusan, Kabupaten Pesisir Selatan, Sumatera Barat 25654",Buka 24 Jam,5.0,140.95 km,1/1 Konektor Tersedia,"('22 kW',)","(1,)",2025-05-15 18:11:38
SPKLU HOTEL NIAGARA PARAPAT,"Jl. Pembangunan No.1, Parapat, Kec. Girsang Sipangan Bolon, Kabupaten Simalungun, Sumatera Utara 21174",Buka 24 Jam,4.0,418.37 km,1/1 Konektor Tersedia,"('22 kW',)","(1,)",2025-05-15 18:27:04
SPKLU SANTIKA MEDAN,"Jl. Kapten Maulana Lubis No.7, Petisah Tengah, Kec. Medan Petisah, Kota Medan, Sumatera Utara 20111",Buka 24 Jam,1.0,518.70 km,1/1 Konektor Tersedia,"('22 kW',)","(1,)",2025-05-15 18:41:43
SPKLU PLN ULP KISARAN,"Jl. Listrik No.1, Tegal Sari, Kec. Kota Kisaran Barat, Kabupaten Asahan, Sumatera Utara 21211",Buka 24 Jam,3.58,406.54 km,0/1 Konektor Tersedia,"('22 kW',)","(0,)",2025-05-15 18:26:18
SPKLU Rest Area 163-A Lampung Tengah,SPKLU Rest Area 163-A Lampung Tengah,Buka 24 Jam,4.82,650.70 km,4/4 Konektor Tersedia,"('22 kW',)","(1,)",2025-05-15 18:53:13
SPKLU KAMPUS UNAND 2 PYK,"Jl. Rangkayo Rasuna Said, Kubu Gadang, Kec. Payakumbuh Utara, Kota Payakumbuh, Sumatera Barat 26218",Buka 24 Jam,5.0,74.12 km,1/1 Konektor Tersedia,"('22 kW',)","(1,)",2025-05-15 17:57:24
SPKLU HOTEL BUNDA BUKITTINGGI,"Jl. Ahmad Karim No.17, Benteng Ps. Atas, Kec. Guguk Panjang, Kota Bukittinggi, Sumatera Barat 26136",Buka 24 Jam,4.75,104.35 km,1/1 Konektor Tersedia,"('4 kW',)","(1,)",2025-05-15 18:04:33
SPKLU WISMA PLN BUKITTINGGI,"Jl. Ahmad Karim No.16, Benteng Ps. Atas, Kec. Guguk Panjang, Kota Bukittinggi, Sumatera Barat 26136",Buka 24 Jam,4.88,104.31 km,1/1 Konektor Tersedia,"('22 kW',)","(1,)",2025-05-15 18:04:18
SPKLU PLN ULP Tebing Tinggi,"Jl. Jend. Sudirman No.287, Badak Bejuang, Tebing Tinggi Kota, Sumatera Utara",Buka 24 Jam,4.7,465.77 km,5/5 Konektor Tersedia,"('22 kW', '25 kW', '25 kW', '50 kW', '50 kW')","(1, 1, 1, 1, 1)",2025-05-15 18:30:33
SPKLU PLN UPDL TUNTUNGAN,"Jl. Lap. Golf No.35, Kp. Tengah, Kec. Pancur Batu, Kabupaten Deli Serdang, Sumatera Utara 20353",Buka 24 Jam,5.0,515.19 km,1/1 Konektor Tersedia,"('22 kW',)","(1,)",2025-05-15 18:38:57
SPKLU REST AREA KM 67 B Tol Bakauheni-Terbanggi Besar,"SPKLU REST AREA KM 67 B Tol Bakauheni-Terbanggi Besar,Serdang, Kec. Tj. Bintang, Kabupaten Lampung Selatan, Lampung 35361",Buka 24 Jam,0.0,728.24 km,1/1 Konektor Tersedia,"('22 kW',)","(1,)",2025-05-15 18:58:34
SPKLU PLN ULP MUARA TEBO,"Jl. H. Mansyur Desa Baru Muara Tebo, Kab Muara Tebo, Jambi",Buka 24 Jam,4.0,183.83 km,1/1 Konektor Tersedia,"('22 kW',)","(1,)",2025-05-15 18:14:52
SPKLU PLN ZILA CAFE,"Jl. Padang - Alahan Panjang, Simpang Tj. Nan IV, Kec. Danau Kembar, Kabupaten Solok, Sumatera Barat 27383",Buka 24 Jam,5.0,105.39 km,1/1 Konektor Tersedia,"('22 kW',)","(1,)",2025-05-15 18:04:44
SPKLU SUMUT SPORT CENTRE ASTAKA,"Jl. Williem Iskandar No.9, Kenangan Baru, Kec. Percut Sei Tuan, Kabupaten Deli Serdang, Sumatera Utara 20371",Buka 24 Jam,4.56,518.30 km,2/2 Konektor Tersedia,"('25 kW', '22 kW')","(1, 1)",2025-05-15 18:40:53
SPKLU PLN BANDARA MINANG KABAU,"Jl. Katapiang, Kec. Batang Anai, Kabupaten Padang Pariaman, Sumatera Barat 25586 (P7)",Buka 24 Jam,5.0,126.40 km,1/1 Konektor Tersedia,"('22 kW',)","(1,)",2025-05-15 18:07:59
SPKLU PLN ULP LINTAU,"Nagari Tigojangko, Jl. Sitangkai-Balaitangah No.Km.3, Kec. Lintau Buo Utara, Kabupaten Tanah Datar, Sumatera Barat",Buka 24 Jam,5.0,63.70 km,1/1 Konektor Tersedia,"('22 kW',)","(1,)",2025-05-15 17:55:47
SPKLU PLN UP3 BANGKINANG,"Jl. Bangkinang-Payakumbuh, Merangin, Kabupaten Kampar, Riau",Buka 24 Jam,5.0,77.73 km,2/2 Konektor Tersedia,"('50 kW', '50 kW')","(1, 1)",2025-05-15 17:58:42
SPKLU PLN ULP KOTA PINANG,"Jl. Lintas Sumatra, Kota Pinang, Kec. Kota Pinang, Kab. Labuhanbatu Selatan, Sumatera Utara 21464",Buka 24 Jam,0.0,276.34 km,1/1 Konektor Tersedia,"('22 kW',)","(1,)",2025-05-15 18:18:34
SPKLU PLN ULP MUARA LABUH,"Jalan Batang Lawe, Muara Labuh, Pasir Talang Bar., Kec. Sungai Pagu, Kabupaten Solok Selatan, Sumatera Barat 27776",Buka 24 Jam,0.0,135.07 km,1/1 Konektor Tersedia,"('22 kW',)","(1,)",2025-05-15 18:10:29
SPKLU SKAY WAY COFFEE,"Jl. Raya Bukittinggi - Payakumbuh No.233, Pakan Sinayan, Kec. Payakumbuh Bar., Kota Payakumbuh, Sumatera Barat 26224",Buka 24 Jam,5.0,73.95 km,1/1 Konektor Tersedia,"('22 kW',)","(1,)",2025-05-15 17:57:14
SPKLU PLN ULP KUTACANE,"Jl. Perapat Hulu, Babussalam, Aceh Tenggara, Aceh 24651",Buka 24 Jam,0.0,569.35 km,1/1 Konektor Tersedia,"('22 kW',)","(1,)",2025-05-15 18:47:20
SPKLU PLN ULP TEBING TINGGI,"Jl Sekip, Kupang, Kec. Tebing Tinggi, Kab. Empat Lawang, Sumatera Selatan",Buka 24 Jam,5.0,415.66 km,1/1 Konektor Tersedia,"('22 kW',)","(1,)",2025-05-15 18:26:48
SPKLU PLN UP3 PADANG,"Jl. S. Parman No.221, Ulak Karang Utara, Kec. Padang Utara, Kota Padang, Sumatera Barat",Buka 24 Jam,5.0,126.76 km,1/1 Konektor Tersedia,"('22 kW',)","(1,)",2025-05-15 18:09:11
SPKLU PLN ULP TELUK SEGARA,Jl. Prof Dr. Hazairin No. 8 Teluk Segara Bengkulu,Buka 24 Jam,5.0,402.02 km,3/3 Konektor Tersedia,"('22 kW', '60 kW', '60 kW')","(1, 1, 1)",2025-05-15 18:25:36
SPKLU POSKO YANTEK BELILAS,"Jln Lintas Sumatera, Pangkalan Kasai, Kabupaten Indragiri Hulu, Riau",Buka 24 Jam,5.0,126.79 km,1/1 Konektor Tersedia,"('30 kW',)","(1,)",2025-05-15 18:09:27
SPKLU PLN ULP KENTEN,"Palembang, Suka Maju, Kec. Sako, Kota Palembang, Sumatera Selatan 30961",Buka 24 Jam,0.0,484.18 km,1/1 Konektor Tersedia,"('22 kW',)","(1,)",2025-05-15 18:32:50
SPKLU PLN UID RIAU & KEPRI,"Labuh Baru Barat, Payung Sekaki, Kota Pekanbaru, Riau 28292",Buka 24 Jam,4.86,87.50 km,3/3 Konektor Tersedia,"('50 kW', '50 kW', '22 kW')","(1, 1, 1)",2025-05-15 18:01:23
SPKLU PLN ULP IDI,"JL. Medan - Banda Aceh, Gp. Tanoh Anou, Kab. Aceh Timur, Idi Rayeuk, Aceh, 24454",Buka 24 Jam,5.0,698.51 km,1/1 Konektor Tersedia,"('22 kW',)","(1,)",2025-05-15 18:54:41
SPKLU PLN GH LAHAT,"Jalan Kol. H.Burlian  Kel.Bandar Jaya Kec.Lahat Kabupaten Lahat, Sumatera Selatan 31412",Buka 24 Jam,4.92,460.31 km,3/3 Konektor Tersedia,"('22 kW', '50 kW', '50 kW')","(1, 1, 1)",2025-05-15 18:29:45
SPKLU ASTON LAMPUNG CITY HOTEL,"Jl. Gatot Subroto No.81, Garuntang, Kec. Telukbetung Selatan, Kota Bandar Lampung, Lampung 35228",Buka 24 Jam,4.83,721.51 km,2/2 Konektor Tersedia,"('22 kW', '22 kW')","(1, 1)",2025-05-15 18:57:48
SPKLU PLN ULP PARAPAT,"Jl. Bangun Dolok Nomor 14 Girsang Sipangan Bolon, Simalungun, Sumatera Utara",Buka 24 Jam,4.29,418.95 km,5/5 Konektor Tersedia,"('22 kW', '25 kW', '25 kW', '50 kW', '50 kW')","(1, 1, 1, 1, 1)",2025-05-15 18:27:22
SPKLU HOTEL MARRIOTT RESORT LAMPUNG,"Jl. Pantai Mutun, Hurun, Kec. Padang Cermin, Kabupaten Pesawaran, Lampung",Buka 24 Jam,1.67,727.11 km,2/2 Konektor Tersedia,"('22 kW', '22 kW')","(1, 1)",2025-05-15 18:58:24
SPKLU RUMAH BUMN JAMBI,Jl. Sukarno Hatta No.35-36 Paal Merah Pasir Putih Jambi Selatan Jambi,Buka 24 Jam,5.0,298.46 km,1/1 Konektor Tersedia,"('7 kW',)","(1,)",2025-05-15 18:20:58
SPKLU Cafe Monocsky,"Jl. Pramuka, Lembah Sari, Kota Pekanbaru, Riau",Buka 24 Jam,5.0,96.93 km,1/1 Konektor Tersedia,"('22 kW',)","(1,)",2025-05-15 18:03:42
SPKLU PLN WARONG ESSY,"Sungai Rumbai Tim., Kec. Sungai Rumbai, Kabupaten Dharmasraya, Sumatera Barat 27684",Buka 24 Jam,0.0,114.57 km,1/1 Konektor Tersedia,"('22 kW',)","(1,)",2025-05-15 18:06:01
SPKLU CityView Medan,"Jl. Komodor Muda Adi Sucipto, Suka Damai, Kec. Medan Polonia, Kota Medan, Sumatera Utara",Buka 24 Jam,4.23,515.40 km,3/3 Konektor Tersedia,"('50 kW', '50 kW', '22 kW')","(1, 1, 1)",2025-05-15 18:39:08
SPKLU PLN ULP BAGAN BATU,"Bagan Batu, Kec. Bagan Sinembah, Torgamba, Kab. Labuhanbatu Selatan, Sumatera Utara",Buka 24 Jam,4.88,240.61 km,0/1 Konektor Tersedia,"('30 kW',)","(0,)",2025-05-15 18:17:16
"SPKLU REST AREA KM-87B NATAR, LAMPUNG SELATAN","Rest Area KM 87B Natar, Lampung Selatan, Lampung",Buka 24 Jam,3.69,709.76 km,3/3 Konektor Tersedia,"('A CCS2', 'B CCS2', '4 kW')","(1, 1, 1)",2025-05-15 18:55:01
SPKLU Rest Area KM 36 A Pekanbaru - Bangkinang,"Jl. Tol Pekanbaru - Bangkinang KM 36 A, Muara Jalai, Kec. Bangkinang, Kabupaten Kampar, Riau 21184",Buka 24 Jam,4.5,81.91 km,3/3 Konektor Tersedia,"('50 kW', '50 kW', '22 kW')","(1, 1, 1)",2025-05-15 18:00:01
SPKLU PLN ULP PAYAKUMBUH,"Jl. Moh. Yamin, Padang Tiakar Hilir, Kec. Payakumbuh Timur, Kota Payakumbuh, Sumatera Barat 26212",Buka 24 Jam,4.67,73.81 km,1/1 Konektor Tersedia,"('22 kW',)","(1,)",2025-05-15 17:56:59
SPKLU PLN ULP TANJUNG BALAI,"Jl. Jendral Sudirman, Tj. Balai Kota I, Tanjungbalai Selatan, Kota Tanjung Balai, Sumatera Utara 21334",Buka 24 Jam,1.0,395.59 km,1/1 Konektor Tersedia,"('22 kW',)","(1,)",2025-05-15 18:25:00
SPKLU PLN ICON + SBU SBT,"Jl. Soekarno - Hatta, Sidomulyo Tim., Kota Pekanbaru, Riau",Buka 24 Jam,3.17,82.29 km,1/1 Konektor Tersedia,"('30 kW',)","(1,)",2025-05-15 18:00:11
SPKLU PLN ULP KOTABARU,"‎‎Jl‎.  ‎Nuri Jelutung‎, ‎Kota Jambi‎, ‎36133‎",Buka 24 Jam,4.0,296.26 km,1/1 Konektor Tersedia,"('22 kW',)","(1,)",2025-05-15 18:20:42
PLN UPDK JAMBI,"‎‎Jl. Dokter Setia Budi ,Rajawali, Kec. Jambi Tim., Kota Jambi, Jambi 36143",Buka 24 Jam,0.0,295.63 km,1/1 Konektor Tersedia,"('22 kW',)","(1,)",2025-05-15 18:20:00
SPKLU Hotel Umega,"Jl. Trans Sumatera Km. 200, Gunung Medan, Muara Bungo - Solok, Kabupaten Dharmasraya, Sumatera Barat 27573",Buka 24 Jam,5.0,88.29 km,1/1 Konektor Tersedia,"('22 kW',)","(1,)",2025-05-15 18:02:05
SPKLU PLN ULP Muratara,"Lawang Agung, Kec. Rupit, Kab. Musi Rawas Utara, Sumatera Selatan",Buka 24 Jam,0.0,319.91 km,1/1 Konektor Tersedia,"('22 kW',)","(1,)",2025-05-15 18:21:24
SPKLU PLN UIP SBS,"Jl. Residen Abdul Rozak, Palembang, Sumatera Selatan",Buka 24 Jam,5.0,486.78 km,1/1 Konektor Tersedia,"('7 kW',)","(1,)",2025-05-15 18:34:22
SPKLU PLN ULP PANGURURAN,"Jl. Kejaksan, Kabupaten Samosir, Sumatera Utara 22392",Buka 24 Jam,5.0,431.82 km,3/3 Konektor Tersedia,"('22 kW', '60 kW', '60 kW')","(1, 1, 1)",2025-05-15 18:27:38
SPKLU TRANSMART PALEMBANG CITY CENTRE,"Jl. Radial, 26 Ilir, Kec. Bukit Kecil, Kota Palembang, Sumatera Selatan 30127",Buka 24 Jam,5.0,485.51 km,1/1 Konektor Tersedia,"('22 kW',)","(1,)",2025-05-15 18:34:01
SPKLU Rest Area KM 172-B Tulang Bawang Barat,"Rest Area KM 172-B Tulang Bawang Barat, Lampung",Buka 24 Jam,4.44,643.56 km,4/4 Konektor Tersedia,"('22 kW', '50 kW', '50 kW', '22 kW')","(1, 1, 1, 1)",2025-05-15 18:52:42
SPKLU IBI DARMAJAYA,"Jl. ZA. Pagar Alam No.93, Gedong Meneng, Kec. Rajabasa, Kota Bandar Lampung, Lampung 35141",Buka 24 Jam,4.0,713.88 km,1/1 Konektor Tersedia,"('22 kW',)","(1,)",2025-05-15 18:55:57
SPKLU PLN UP3 MUARA BUNGO,"Jalan Sultan Thaha No. 771  Bungo Barat, Kec. Ps. Muara Bungo, Kabupaten Bungo, Jambi",Buka 24 Jam,5.0,160.95 km,3/3 Konektor Tersedia,"('7 kW', '120 kW', '120 kW')","(1, 1, 1)",2025-05-15 18:13:20
SPKLU Rest Area KM 87 A Tol Bakauheni-Terbanggi Besar,"Rest Area KM 87 A Tol Bakauheni-Terbanggi Besar, Fajar Baru, Kec. Jati Agung, Kabupaten Lampung Selatan, Lampung",Buka 24 Jam,4.94,710.01 km,3/3 Konektor Tersedia,"('22 kW',)","(1,)",2025-05-15 18:55:11
SPKLU ULP TAPAK TUAN,"Desa Jambo Apha, Kecamatan Tapak Tuan, Kabupaten Aceh Selatan, Aceh 23715",Buka 24 Jam,5.0,603.61 km,1/1 Konektor Tersedia,"('22 kW',)","(1,)",2025-05-15 18:50:30
SPKLU MALL BOEMI KEDATON,"Jl. Teuku Umar No.1, Labuhan Ratu, Kec. Kedaton, Kota Bandar Lampung, Lampung 35132",Buka 24 Jam,3.63,714.88 km,2/2 Konektor Tersedia,"('25 kW', '22 kW')","(1, 1)",2025-05-15 18:56:16
SPKLU PLN ULP STABAT,"Jl. Proklamasi, Kwala Bingai, Kec. Stabat, Kabupaten Langkat, Sumatera Utara 20811",Buka 24 Jam,5.0,547.16 km,1/1 Konektor Tersedia,"('22 kW',)","(1,)",2025-05-15 18:45:56
SPKLU Kantor ULP Talang Padang,"Jl. Raden Intan No.76, Suka Merindu, Kec. Talang Padang, Kabupaten Tanggamus, Lampung 35377",Buka 24 Jam,5.0,682.06 km,1/1 Konektor Tersedia,"('22 kW',)","(1,)",2025-05-15 18:53:39
SPKLU REST AREA KM 116 B LAMPUNG TENGAH,"SPKLU Rest Area km 116 B, Bumi Ratu Nuban, Lampung Tengah",Buka 24 Jam,4.66,686.56 km,3/3 Konektor Tersedia,"('22 kW',)","(1,)",2025-05-15 18:54:05
SPKLU PLN ULP BINTUHAN,"Jalan Padang Genteng, Kaur Selatan, Kab. Kaur, Bengkulu 38963",Buka 24 Jam,4.33,548.36 km,1/1 Konektor Tersedia,"('22 kW',)","(1,)",2025-05-15 18:46:12
SPKLU PLN ULP INDARUNG,"Jl. Padang - Bengkulu, Batung Taba Nan XX, Kec. Lubuk Begalung, Kota Padang, Sumatera Barat 25154",Buka 24 Jam,5.0,126.68 km,1/1 Konektor Tersedia,"('22 kW',)","(1,)",2025-05-15 18:09:00
SPKLU PLN ULP SEKAYU,"Jl. Kopral Hanafiah, Serasan Jaya, Kec. Sekayu, Kabupaten Musi Banyuasin, Sumatera Selatan 30711",Buka 24 Jam,5.0,402.91 km,1/1 Konektor Tersedia,"('22 kW',)","(1,)",2025-05-15 18:25:52
SPKLU PLN ULP BALIGE,"Jl. Dr. T.D. Pardede No.14, Kec. Balige, Toba, Sumatera Utara 22312",Buka 24 Jam,5.0,382.23 km,3/3 Konektor Tersedia,"('22 kW', '60 kW', '60 kW')","(1, 1, 1)",2025-05-15 18:24:44
SPKLU Rest Area KM 208 A Tol Terpeka,"Rest Area KM 208 A Tol Terpeka, Warga Indah Jaya, Kec. Banjar Agung, Kab. Tulang Bawang, Lampung 34684",Buka 24 Jam,4.5,617.11 km,1/1 Konektor Tersedia,"('22 kW',)","(1,)",2025-05-15 18:51:12
SPKLU HOTEL SANTIKA LAHAT,"Jl. Lubuk Beringin No.138, Kel.Manggul, Kec. Lahat, Kabupaten Lahat, Sumatera Selatan",Buka 24 Jam,5.0,461.21 km,1/1 Konektor Tersedia,"('22 kW',)","(1,)",2025-05-15 18:29:55
SPKLU Rest Area KM 234 A Bakauheni - Kayu Agung,"Rest Area 234A, Way Serdang, Mesuji, Lampung",Buka 24 Jam,4.97,600.12 km,3/3 Konektor Tersedia,"('22 kW',)","(1,)",2025-05-15 18:50:20
SPKLU PLN ULP BRASTAGI,"Jl. Udara No.7, Gundaling I, Berastagi, Gundaling I, Kec. Berastagi, Kab. Karo, Sumatera Utara",Buka 24 Jam,4.71,494.08 km,2/2 Konektor Tersedia,"('30 kW', '30 kW')","(1, 1)",2025-05-15 18:36:22
SPKLU PLN HILLPARK SIBOLANGIT,"Jl. Jamin Ginting, Sikeben, Kec. Sibolangit, Kabupaten Deli Serdang, Sumatera Utara 20357",Buka 24 Jam,3.5,498.89 km,1/1 Konektor Tersedia,"('25 kW',)","(1,)",2025-05-15 18:37:44
SPKLU PLN ULP AMPERA,"Jl. Gub. H.A. Bastari  Jakabaring, Palembang, Sumatera Selatan",Buka 24 Jam,4.88,489.97 km,1/1 Konektor Tersedia,"('7 kW',)","(1,)",2025-05-15 18:35:43
SPKLU PLN ULP MEDAN BARU,"Jl. Sei Batu Gingging Ps. X, Merdeka, Kec. Medan Baru, Kota Medan, Sumatera Utara 20154",Buka 24 Jam,4.95,518.31 km,2/2 Konektor Tersedia,"('7 kW', '22 kW')","(1, 1)",2025-05-15 18:41:12
SPKLU PLN ULP AEK KANOPAN,"Aek Kanopan Tim., Kec. Kualuh Hulu, Kabupaten Labuhanbatu Utara, Sumatera Utara 21273",Buka 24 Jam,5.0,364.66 km,1/1 Konektor Tersedia,"('22 kW',)","(1,)",2025-05-15 18:22:47
SPKLU (ARISTA POWER) MERCEDES BENZ ARISTA MEDAN,"Jl. T. Amir Hamzah No.49, Sei Agul, Kec. Medan Bar., Kota Medan, Sumatera Utara 20117",Buka 24 Jam,4.91,521.05 km,2/2 Konektor Tersedia,(),(),2025-05-15 18:43:31
SPKLU PLN HOTEL EMERSIA,"Jl. Hamka No.41Jorong Parak Juar, Jl. Hamka No.60, Baringin, Kec. Lima Kaum, Kabupaten Tanah Datar, Sumatera Barat 27211",Buka 24 Jam,5.0,81.79 km,1/1 Konektor Tersedia,"('22 kW',)","(1,)",2025-05-15 17:59:45
SPKLU LAMPUNG CITY MALL,"Jl. Yos Sudarso No.80, Bumi Waras, Kec. Bumi Waras, Kota Bandar Lampung",Buka 24 Jam,4.82,721.69 km,0/1 Konektor Tersedia,"('22 kW',)","(0,)",2025-05-15 18:58:04
SPKLU PLN ULP SUNGAI PENUH,"Jl. RE Martadinata No.1 Kota Sungai Penuh, Jambi",Buka 24 Jam,3.5,197.28 km,1/1 Konektor Tersedia,"('22 kW',)","(1,)",2025-05-15 18:15:08
SPKLU PLN ULP LIMAPULUH,"Jl. Perintis Kemerdekaan, Lima Puluh Kota, Kec. Lima Puluh, Kabupaten Batu Bara, Sumatera Utara 21255",Buka 24 Jam,5.0,435.69 km,1/1 Konektor Tersedia,"('22 kW',)","(1,)",2025-05-15 18:28:04
SPKLU PLN ULP SEI RAMPAH,"Jl. Medan - Tebing Tinggi No.300, Firdaus, Kec. Sei Rampah, Kabupaten Serdang Bedagai, Sumatera Utara 20995",Buka 24 Jam,0.0,482.39 km,1/1 Konektor Tersedia,"('22 kW',)","(1,)",2025-05-15 18:32:00
SPKLU Taman Merdeka Kota Metro,"Jl. AH Nasution, Imopuro, Kec. Metro Pusat, Kota Metro, Lampung",Buka 24 Jam,4.72,695.27 km,1/1 Konektor Tersedia,"('7 kW',)","(1,)",2025-05-15 18:54:15
SPKLU PLN ULP RENGAT KOTA,"Jl. Laksamana Laut Yos Sudarso, Sekip Hulu, Kec. Rengat, Kabupaten Indragiri Hulu, Riau 29314",Buka 24 Jam,0.0,138.62 km,1/1 Konektor Tersedia,"('22 kW',)","(1,)",2025-05-15 18:11:11
SPKLU KANTOR GUBERNUR SUMSEL,"Jl. Kapten A. Rivai No.3, Palembang, Sumatera Selatan",Buka 24 Jam,1.0,485.48 km,1/1 Konektor Tersedia,"('7 kW',)","(1,)",2025-05-15 18:33:51
SPKLU KANTOR UP3 METRO,"Jl. Letjend Alamsyah Ratu Prawira Negara, Metro, Kec. Metro Pusat, Kota Metro, Lampung 34124",Buka 24 Jam,5.0,696.56 km,2/2 Konektor Tersedia,"('50 kW', '50 kW')","(1, 1)",2025-05-15 18:54:31
SPKLU PLN UP3 DUMAI,"Jl. Jend. Sudirman No.185b, Bintan, Kota Dumai, Riau",Buka 24 Jam,4.85,216.42 km,3/3 Konektor Tersedia,"('50 kW', '50 kW', '22 kW')","(1, 1, 1)",2025-05-15 18:16:35
SPKLU HOTEL HOLIDAY INN LAMPUNG BUKIT RANDU,"Jl. Kamboja No.1, RW.2, Kb. Jeruk, Kec. Tanjungkarang Timur, Kota Bandar Lampung, Lampung 35121",Buka 24 Jam,4.2,717.78 km,2/2 Konektor Tersedia,"('22 kW', '22 kW')","(1, 1)",2025-05-15 18:56:50
SPKLU PLN UP3 SUBULUSSALAM,"Jl. Cut meutia rimo, Penanggalan, Kec. Penanggalan, Kota Subulussalam, Aceh 24783",Buka 24 Jam,5.0,487.36 km,2/2 Konektor Tersedia,"('25 kW', '22 kW')","(1, 1)",2025-05-15 18:34:36
SPKLU LA PIT STOP CAR WASH,"Jl. Raya Padang - Bukittinggi, Lubuk Alung, Kec. Lubuk Alung, Kabupaten Padang Pariaman, Sumatera Barat 25582",Buka 24 Jam,5.0,121.34 km,1/1 Konektor Tersedia,"('22 kW',)","(1,)",2025-05-15 18:06:42
SPKLU KANTOR DINAS ESDM,"Jl. Angkatan 45 No.2440, Palembang, Sumatera Selatan",Buka 24 Jam,0.0,484.79 km,1/1 Konektor Tersedia,"('7 kW',)","(1,)",2025-05-15 18:33:05
SPKLU PLN ULP PENDOPO,"Jalan Merdeka Talang Ubi Selatan Pendopo, Kab. Penukal Abab Lematang Ilir, Sumatera Selatan 31212",Buka 24 Jam,0.0,435.33 km,1/1 Konektor Tersedia,"('22 kW',)","(1,)",2025-05-15 18:27:48
SPKLU WING HUB KUALANAMU,"Komplek Hub, Kualanamu Hub Commercial Bizpark, Jl. Arteri Kualanamu No.9, Tumpatan Nibung, Kec. Batang Kuis, Kabupaten Deli Serdang, Sumatera Utara 20372",Buka 24 Jam,4.6,509.90 km,5/5 Konektor Tersedia,"('22 kW', '60 kW', '60 kW', '60 kW', '60 kW')","(1, 1, 1, 1, 1)",2025-05-15 18:38:37
SPKLU PLN ULP KUALA SIMPANG,"Jl. Ir. H. Juanda Dalam, Dalam, Karang Baru, Kabupaten Aceh Tamiang, Aceh",Buka 24 Jam,5.0,621.68 km,1/1 Konektor Tersedia,"('22 kW',)","(1,)",2025-05-15 18:51:38
SPKLU PLN ULP BELANTI,"Jl. Khatib Sulaiman No.46, Ulak Karang Selatan, Kec. Padang Utara, Kota Padang, Sumatera Barat 25173",Buka 24 Jam,4.88,126.48 km,1/1 Konektor Tersedia,"('4 kW',)","(1,)",2025-05-15 18:08:14
SPKLU PLN KP SEI PAKNING,"Jl. Sungai Selari, Kec. Bukit Batu, Kabupaten Bengkalis, Riau",Buka 24 Jam,5.0,204.84 km,1/1 Konektor Tersedia,"('30 kW',)","(1,)",2025-05-15 18:15:44
SPKLU PLN ULP MUARA AMAN,"Jalan Pangeran Zainal Abidin , Kab. Lebong, Bengkulu",Buka 24 Jam,0.0,329.90 km,1/1 Konektor Tersedia,"('22 kW',)","(1,)",2025-05-15 18:21:40
SPKLU PLN MK CAR WASH,"Jl. Lintas Utama Sumatera No.km 3, Sungai Rumbai, Kec. Sungai Rumbai, Kabupaten Dharmasraya, Sumatera Barat 27684",Buka 24 Jam,5.0,112.56 km,3/3 Konektor Tersedia,"('50 kW', '50 kW', '22 kW')","(1, 1, 1)",2025-05-15 18:05:50
SPKLU BANK SUMUT IMAM BONJOL,"Jl. Imam Bonjol No.18, Madras Hulu, Kec. Medan Polonia, Kota Medan, Sumatera Utara 20212",Buka 24 Jam,5.0,517.91 km,1/1 Konektor Tersedia,"('22 kW',)","(1,)",2025-05-15 18:40:12
SPKLU HOTEL EMERALD MEDAN,"Jl. KL. Yos Sudarso No.1, Silalas, Kec. Medan Bar., Kota Medan, Sumatera Utara 20235",Buka 24 Jam,5.0,519.91 km,1/1 Konektor Tersedia,"('22 kW',)","(1,)",2025-05-15 18:42:45
SPKLU UNAND,"Jl. Lingkar Universitas Andalas, Limau Manis, Kec. Pauh, Kota Padang, Sumatera Barat 25176",Buka 24 Jam,4.75,117.64 km,3/3 Konektor Tersedia,"('50 kW', '50 kW', '22 kW')","(1, 1, 1)",2025-05-15 18:06:16
SPKLU PLN ULP PASIR PANGARAIAN,"Jl. Koperasi No.3, Pasir Pengaraian, Rambah Tengah Utara, Kabupaten Rokan Hulu, Riau",Buka 24 Jam,5.0,169.23 km,1/1 Konektor Tersedia,"('30 kW',)","(1,)",2025-05-15 18:13:36
SPKLU PLN ULP ARGAMAKMUR,"Jl. Jendral Sudirman, Kota  Argamakmur,  Kab.Bengkulu Utara, Prov. Bengkulu",Buka 24 Jam,1.0,362.74 km,1/1 Konektor Tersedia,"('22 kW',)","(1,)",2025-05-15 18:22:31
SPKLU PLN UID SUMATERA UTARA,"Jl. KL. Yos Sudarso Gg. VIII No.1d, Glugur Kota, Kec. Medan Baru, Kota Medan, Sumatera Utara 20238",Buka 24 Jam,4.67,521.11 km,2/3 Konektor Tersedia,"('A CCS2', 'B CCS2', '22 kW')","(1, 0, 1)",2025-05-15 18:43:50
SPKLU PLN ULP JEURAM,"Desa Simpang Peut, Kec. Kuala, Kabupaten Nagan Raya, Aceh 23681",Buka 24 Jam,0.0,740.31 km,1/1 Konektor Tersedia,(),(),2025-05-15 18:59:47
SPKLU PLN ULP TALUK KUANTAN,"Ps. Taluk, Kec. Kuantan Tengah, Kabupaten Kuantan Singingi, Riau 29566",Buka 24 Jam,4.85,40.38 km,3/3 Konektor Tersedia,"('50 kW', '50 kW', '22 kW')","(1, 1, 1)",2025-05-15 17:55:19
SPKLU PLN ULP LUBUK BASUNG,"Lubuk Basung, Kec. Lubuk Basung, Kabupaten Agam, Sumatera Barat 26452",Buka 24 Jam,0.0,141.67 km,1/1 Konektor Tersedia,"('22 kW',)","(1,)",2025-05-15 18:12:04
SPKLU PLN ULP PARIAMAN,"Pd. II, Kec. Pariaman Tengah, Kota Pariaman, Sumatera Barat 25513",Buka 24 Jam,5.0,137.38 km,1/1 Konektor Tersedia,"('22 kW',)","(1,)",2025-05-15 18:10:55
SPKLU PLN ULP PERAWANG,"Jl. Moh. Ali, Perawang Bar., Kec. Tualang, Kabupaten Siak, Riau",Buka 24 Jam,0.0,109.76 km,1/1 Konektor Tersedia,"('30 kW',)","(1,)",2025-05-15 18:05:24
SPKLU PLN ULP MUKOMUKO,"Jl. R.A. Kartini No.8, Pd. Batu, Kec. Kota Mukomuko, Kabupaten Mukomuko, Bengkulu",Buka 24 Jam,0.0,254.64 km,1/1 Konektor Tersedia,"('22 kW',)","(1,)",2025-05-15 18:17:42
SPKLU PLN UP3 SIBOLGA,"Jl. Dr. Ferdinand Lumban Tobing No.20, Huta Tonga Tonga, Kec. Sibolga Utara, Kota Sibolga, Sumatera Utara 22512",Buka 24 Jam,5.0,359.51 km,2/2 Konektor Tersedia,"('22 kW', '30 kW')","(1, 1)",2025-05-15 18:22:21
SPKLU PLN UP3 PAYAKUMBUH,"Jl. Raya Bukittinggi - Payakumbuh 48, Daya Bangun, Kec. Payakumbuh Bar., Kota Payakumbuh, Sumatera Barat 26218",Buka 24 Jam,4.69,75.31 km,3/3 Konektor Tersedia,"('50 kW', '50 kW', '22 kW')","(1, 1, 1)",2025-05-15 17:58:06
SPKLU REST AREA 56A TOL Palembang - Prabumulih,"Ruas TOL Palembang - Prabumulih, Kabupaten Ogan Ilir, Sumatera Selatan",Buka 24 Jam,4.88,495.15 km,3/3 Konektor Tersedia,"('22 kW',)","(1,)",2025-05-15 18:37:04
SPKLU PLN RS SITI RAHMAH,"Jl. By Pass No.KM.15, Aie Pacah, Kec. Koto Tangah, Kota Padang, Sumatera Barat 25586",Buka 24 Jam,0.0,121.62 km,3/3 Konektor Tersedia,"('50 kW', '50 kW', '22 kW')","(1, 1, 1)",2025-05-15 18:07:02
SPKLU Rest Area KM 45 A Pekanbaru - Dumai,"Jl. Tol Pekanbaru - Dumai KM 45 A, Kandis, Kec. Kandis, Kabupaten Siak, Riau 26868",Buka 24 Jam,4.95,135.02 km,3/3 Konektor Tersedia,"('50 kW', '50 kW', '22 kW')","(1, 1, 1)",2025-05-15 18:10:19
DIRLANTAS Satuan PJR POLDA SUMATERA UTARA,"Jalan Medan, KM 1, Limau Manis, Kec. Tj. Morawa, Kabupaten Deli Serdang, Sumatera Utara 20362",Buka 24 Jam,0.0,506.12 km,1/1 Konektor Tersedia,"('22 kW',)","(1,)",2025-05-15 18:38:14
SPKLU PLN ULP BANGKINANG,"Jl. Langgini, Kec. Bangkinang, Kabupaten Kampar, Riau",Buka 24 Jam,5.0,75.21 km,1/1 Konektor Tersedia,"('30 kW',)","(1,)",2025-05-15 17:57:50
SPKLU PLN KP RAO,"Jl. Kp. Jawa, Taruang Taruang, Kec. Rao, Kabupaten Pasaman, Sumatera Barat 26353",Buka 24 Jam,5.0,171.01 km,1/1 Konektor Tersedia,"('22 kW',)","(1,)",2025-05-15 18:14:02
SPKLU PLN KANTOR BUPATI PESSEL,"Jl. Agus Salim, Painan, Kec. Iv Jurai, Kabupaten Pesisir Selatan, Sumatera Barat 25651",Buka 24 Jam,5.0,143.00 km,3/3 Konektor Tersedia,"('50 kW', '50 kW', '22 kW')","(1, 1, 1)",2025-05-15 18:12:14
SPKLU PLN ULP PADANG PANJANG,"Padang Panjang, Silaing Bawah, Kec. Padang Panjang Bar., Kota Padang Panjang, Sumatera Barat 27118",Buka 24 Jam,5.0,103.83 km,1/1 Konektor Tersedia,"('22 kW',)","(1,)",2025-05-15 18:04:07
SPKLU PLN ULP LABUHAN,"Jl. KL. Yos Sudarso, M A B A R, Kec. Medan Deli, Kota Medan, Sumatera Utara 20242",Buka 24 Jam,5.0,526.12 km,1/1 Konektor Tersedia,"('22 kW',)","(1,)",2025-05-15 18:44:37
SPKLU MASJID AL IHSAN PANGKALAN,"Pangkalan, Kec. Pangkalan Koto Baru, Kabupaten Lima Puluh Kota, Sumatera Barat 26272",Buka 24 Jam,3.67,76.13 km,1/1 Konektor Tersedia,"('22 kW',)","(1,)",2025-05-15 17:58:16
SPKLU Taman AeroSport,"Jl. Kaharuddin Nst No.169c, Perhentian Marpoyan, Kota Pekanbaru, Riau",Buka 24 Jam,0.0,84.44 km,1/1 Konektor Tersedia,"('22 kW',)","(1,)",2025-05-15 18:00:41
SPKLU PLN ULP DOLOK SANGGUL,"Jl. Dolok Sanggul - Sidikalang, Lumban Tobing, Kec. Dolok sanggul, Kabupaten Humbang Hasundutan, Sumatera Utara 22457",Buka 24 Jam,5.0,401.62 km,1/1 Konektor Tersedia,"('22 kW',)","(1,)",2025-05-15 18:25:26
SPKLU SIDE WALK COFFEE,"Jl. Jendral Sudirman.279 Payolinyam, Kaning Bukik, Kota Payakumbuh, Sumatera Barat 26217",Buka 24 Jam,0.0,73.76 km,1/1 Konektor Tersedia,"('22 kW',)","(1,)",2025-05-15 17:56:49
SPKLU PLN ULP PAGAR ALAM,"Jalan Ulu Rurah, Pagar Alam Selatan, Kota Pagar Alam, Sumatera Selatan",Buka 24 Jam,0.0,468.53 km,1/1 Konektor Tersedia,"('22 kW',)","(1,)",2025-05-15 18:30:48
SPKLU PLN CAMBRIDGE CITY SQUARE MEDAN,"Jl. S. Parman No.217, Petisah Tengah, Kec. Medan Petisah, Kota Medan, Sumatera Utara 20152",Buka 24 Jam,4.72,518.61 km,0/2 Konektor Tersedia,"('100 kW', '100 kW')","(0, 0)",2025-05-15 18:41:27
SPKLU PLAZA ANDALAS,"Jalan Pemuda ( Plaza Andalas Lt.2 No.11 Kel, Jl. Blk. Olo, Olo, Kec. Padang Bar., Kota Padang, Sumatera Barat",Buka 24 Jam,0.0,128.99 km,1/1 Konektor Tersedia,"('22 kW',)","(1,)",2025-05-15 18:09:53
SPKLU PLN ULP LUBUK SIKAPING,"Jl. Ratulangi 13, Pauah, Kec. Lubuk Sikaping, Kabupaten Pasaman, Sumatera Barat 26318",Buka 24 Jam,5.0,134.68 km,1/1 Konektor Tersedia,"('22 kW',)","(1,)",2025-05-15 18:10:03
SPKLU PLN ULP SIAK SRI INDRAPURA,"Kp. Dalam, Kec. Siak, Kabupaten Siak, Riau",Buka 24 Jam,5.0,145.18 km,1/1 Konektor Tersedia,"('30 kW',)","(1,)",2025-05-15 18:12:41
SPKLU PLN ULP PANGKALAN BRANDAN,"Brandan Tim. Baru, Kec. Babalan, Kabupaten Langkat, Sumatera Utara 20881",Buka 24 Jam,4.0,582.16 km,1/1 Konektor Tersedia,"('22 kW',)","(1,)",2025-05-15 18:49:52
SPKLU PLN PADANG ARO,"Jl. Bangun Rejo, Lubuk Gadang Sel., Kec. Sangir, Kabupaten Solok Selatan, Sumatera Barat 27778",Buka 24 Jam,0.0,141.23 km,1/1 Konektor Tersedia,"('22 kW',)","(1,)",2025-05-15 18:11:48
SPKLU PLN REST AREA KM 65A,"Tanah Raja, Kec. Sei Rampah, Kabupaten Serdang Bedagai, Sumatera Utara 20986",Buka 24 Jam,5.0,489.76 km,2/2 Konektor Tersedia,"('A CCS2', 'B CCS2')","(1, 1)",2025-05-15 18:35:27
SPKLU PLN ULP SIJUNJUNG,"Muaro, Kecamaten Sijunjung, Kabupaten Sijunjung, Sumatera Barat 27513",Buka 24 Jam,5.0,58.11 km,1/1 Konektor Tersedia,"('22 kW',)","(1,)",2025-05-15 17:55:29
SPKLU PLN ULP KUALA TUNGKAL,"‎‎Jl‎. ‎Beringin No‎. ‎78 ‎Kec Tungkal Ilir, Kab Tanjung Jabung Barat, Jambi 36514‎",Buka 24 Jam,0.0,247.53 km,1/1 Konektor Tersedia,"('22 kW',)","(1,)",2025-05-15 18:17:26
SPKLU PLN ULP MEDAN TIMUR,"Jl. Durung, Sidorejo Hilir, Kec. Medan Tembung, Kota Medan, Sumatera Utara 20222",Buka 24 Jam,4.79,518.74 km,2/2 Konektor Tersedia,"('22 kW', '22 kW')","(1, 1)",2025-05-15 18:42:03
SPKLU Kantor Gubernur Provinsi Riau,"Jl. Jend. Sudirman No.460, Jadirejo, Kec. Sukajadi, Kota Pekanbaru, Riau 28121",Buka 24 Jam,4.48,89.71 km,2/2 Konektor Tersedia,"('A CCS2', 'B CCS2')","(1, 1)",2025-05-15 18:02:21
SPKLU PLN ULP PANAM,Jl. HR Soebrantas No Km Rw 12 Simpang Baru.Kecamatan Tampan Kota Pekanbaru Riau,Buka 24 Jam,0.0,82.90 km,1/1 Konektor Tersedia,"('22 kW',)","(1,)",2025-05-15 18:00:26
SPKLU REST AREA 56B TOL Palembang - Prabumulih,"Ruas TOL Palembang - Prabumulih, Kabupaten Ogan Ilir, Sumatera Selatan",Buka 24 Jam,3.0,494.98 km,1/1 Konektor Tersedia,"('22 kW',)","(1,)",2025-05-15 18:36:48
SPKLU PLN ULP MUARA DUA,"Jl. Ahmad Yani No.102, Bumi Agung, Kec. Muara Dua, Kabupaten Ogan Komering Ulu Selatan, Sumatera Selatan 32211",Buka 24 Jam,0.0,562.79 km,1/1 Konektor Tersedia,"('22 kW',)","(1,)",2025-05-15 18:46:22
SPKLU PLN ULP KOTA BARAT,"Jl. Dirgantara Timur No.59, Sidomulyo Tim., Kec. Marpoyan Damai, Kota Pekanbaru, Riau 28289",Buka 24 Jam,5.0,85.09 km,1/1 Konektor Tersedia,"('22 kW',)","(1,)",2025-05-15 18:00:52
SPKLU PLN ULP PEMATANGSIANTAR,"Jl. Kapten M.H. Sitorus No.1, Proklamasi, Kec. Siantar Bar., Kota Pematang Siantar, Sumatera Utara 21117",Buka 24 Jam,5.0,436.84 km,1/1 Konektor Tersedia,"('22 kW',)","(1,)",2025-05-15 18:28:15
SPKLU PONGEK OR,"Jl. Khatib Sulaiman, Limbukan, Kec. Payakumbuh Sel., Kota Payakumbuh, Sumatera Barat 26225",Buka 24 Jam,5.0,76.82 km,1/1 Konektor Tersedia,"('22 kW',)","(1,)",2025-05-15 17:58:26
SPKLU PLN KIT SBS,"Jl. Demang Lebar Daun No.375, Palembang, Sumatera Selatan",Buka 24 Jam,5.0,483.37 km,1/1 Konektor Tersedia,"('7 kW',)","(1,)",2025-05-15 18:32:21
SPKLU PLN ULP MANNA,"JL. Fatmawati,Kampung Baru, Kec. Kota Manna, Kabupaten Bengkulu Selatan, Bengkulu",Buka 24 Jam,0.0,494.33 km,1/1 Konektor Tersedia,"('22 kW',)","(1,)",2025-05-15 18:36:38
SPKLU PLN ULP BENGKALIS,"Jl. Antara, Rimba Sekampung, Kabupaten Bengkalis, Riau",Buka 24 Jam,5.0,214.52 km,1/1 Konektor Tersedia,"('30 kW',)","(1,)",2025-05-15 18:16:25
SPKLU PLN UP3 LANGSA,"Jl. Jend. Ahmad Yani No.6, Gp. Jawa, Langsa Kota, Aceh",Buka 24 Jam,4.5,643.40 km,3/3 Konektor Tersedia,"('22 kW', '100 kW', '100 kW')","(1, 1, 1)",2025-05-15 18:52:23
SPKLU PLN TRANSMART PADANG,"Jl. Khatib Sulaiman No.85, Ulak Karang Sel., Kec. Padang Utara, Kota Padang, Sumatera Barat 25137",Buka 24 Jam,5.0,126.49 km,2/2 Konektor Tersedia,"('22 kW', '22 kW')","(1, 1)",2025-05-15 18:08:29
SPKLU PLN ULP LIPAT KAIN,"Lipat Kain, Kec. Kampar Kiri, Kabupaten Kampar, Riau 28471",Buka 24 Jam,5.0,35.88 km,1/1 Konektor Tersedia,"('22 kW',)","(1,)",2025-05-15 17:55:09
SPKLU MASJID RAYA NAYLUS SYAADAH,"Jl. Adinegoro Km. 12, Batang Kabung, Koto Tangah, Batang Kabung Ganting, Padang, Kota Padang, Sumatera Barat 25586",Buka 24 Jam,5.0,125.01 km,1/1 Konektor Tersedia,"('22 kW',)","(1,)",2025-05-15 18:07:33
SPKLU SWISS-BELHOTEL JAMBI,"Jl. Prof. Dr Jl. Sumantri Brojonegoro No.1, Solok Sipin, Kecamatan Danau Sipin, Kota Jambi, Jambi 36121",Buka 24 Jam,4.33,294.37 km,1/1 Konektor Tersedia,"('22 kW',)","(1,)",2025-05-15 18:19:44
SPKLU PLN ULP RANTAUPRAPAT KOTA,"Jl. Lintas Sumatra, Rantauprapat, Kec. Rantau Utara, Kab. Labuhanbatu, Sumatera Utara",Buka 24 Jam,4.59,311.27 km,3/3 Konektor Tersedia,"('22 kW', '60 kW', '60 kW')","(1, 1, 1)",2025-05-15 18:21:14
SPKLU PLN ULP MUARA ENIM,"Jl. Sultan Mahmud Badaruddin II, Kelurahan Air Lintang, Kec. Muara Enim, Kabupaten Muara Enim, Sumatera Selatan 31314",Buka 24 Jam,4.18,464.17 km,3/3 Konektor Tersedia,"('22 kW', '100 kW', '100 kW')","(1, 1, 1)",2025-05-15 18:30:15
SPKLU PLN ULP BANGKO,"Jalan Kesehatan, Pematang Kandis Kec. Bangko Kab.Merangin Jambi",Buka 24 Jam,5.0,224.31 km,1/1 Konektor Tersedia,"('22 kW',)","(1,)",2025-05-15 18:17:00
SPKLU MASJID H. ALIUS,"Koto Gaek Guguak, Kec. Gn. Talang, Kabupaten Solok, Sumatera Barat 27365",Buka 24 Jam,5.0,106.37 km,1/1 Konektor Tersedia,"('22 kW',)","(1,)",2025-05-15 18:04:59
SPKLU PLN ULP PANGKALAN BALAI,"Pangkalan Balai, Banyuasin III, Kab. Banyuasin, Sumatera Selatan",Buka 24 Jam,3.5,449.88 km,1/1 Konektor Tersedia,"('22 kW',)","(1,)",2025-05-15 18:29:25
SPKLU TRANSMART PEKANBARU A,"Jl. Musyawarah No.11, Labuh Baru Tim., Kec. Payung Sekaki, Kota Pekanbaru, Riau 28292",Buka 24 Jam,0.0,87.80 km,1/1 Konektor Tersedia,"('22 kW',)","(1,)",2025-05-15 18:01:49
SPKLU PLN ULP KURANJI,"Jl. By Pass, Sungai Sapih, Kec. Kuranji, Kota Padang, Sumatera Barat 25586",Buka 24 Jam,5.0,121.57 km,1/1 Konektor Tersedia,"('22 kW',)","(1,)",2025-05-15 18:06:52
SPKLU PLN ULP BLANG PIDIE,"Desa Pantai Perak, Susoh, Kabupaten Aceh Barat Daya, Aceh 237633",Buka 24 Jam,0.0,667.23 km,1/1 Konektor Tersedia,"('22 kW',)","(1,)",2025-05-15 18:53:28
SPKLU PLN UP3 NIAS GUNUNG SITOLI,"Jl. Gomo street No.21, kelurahan Pasar, Kec. Gunungsitoli, Kota Gunungsitoli, Sumatera Utara",Buka 24 Jam,5.0,445.93 km,1/1 Konektor Tersedia,"('22 kW',)","(1,)",2025-05-15 18:29:15
SPKLU PLN UP3 PADANGSIDIMPUAN,"Jl. Raja Inal Siregar No.11A, Batunadua Jae, Kec. Padangsidimpuan Batunadua, Kota Padang Sidempuan, Sumatera Utara 22733",Buka 24 Jam,5.0,292.60 km,1/2 Konektor Tersedia,"('30 kW', '22 kW')","(0, 1)",2025-05-15 18:19:04
SPKLU PLN ULP PERDAGANGAN,"Jl. Rajamin Purba, Perdagangan I, Kec. Bandar, Kabupaten Simalungun, Sumatera Utara 21184",Buka 24 Jam,0.0,439.78 km,1/1 Konektor Tersedia,"('22 kW',)","(1,)",2025-05-15 18:28:49
SPKLU PLN UP3 LUBUK PAKAM,"Jl. Medan - Tebing Tinggi, Perbarakan, Kec. Pagar Merbau, Kabupaten Deli Serdang, Sumatera Utara 20551",Buka 24 Jam,4.98,503.01 km,2/2 Konektor Tersedia,"('22 kW', '25 kW')","(1, 1)",2025-05-15 18:38:04
SPKLU PLN ULP TELUK DALAM,"Jl. Jenderal Ahmad Yani No.14, Ps. Tlk. Dalam, Kec. Tlk. Dalam, Kabupaten Nias Selatan, Sumatera Utara 22865",Buka 24 Jam,5.0,399.07 km,1/1 Konektor Tersedia,"('22 kW',)","(1,)",2025-05-15 18:25:10
SPKLU PLN KP BONJOL,"Jalan Trans Sumatera Bukittinggi - Padang Sidempuan No. 93, Ganggo Hilia, Bonjol, Ganggo Mudiak, Kec. Bonjol, Kabupaten Pasaman, Sumatera Barat 26381",Buka 24 Jam,0.0,124.45 km,1/1 Konektor Tersedia,"('22 kW',)","(1,)",2025-05-15 18:07:17
SPKLU PLN SENTRALAND MEDAN,"Jl. Nikel, Sukaramai II, Kec. Medan Area, Kota Medan, Sumatera Utara 20224",Buka 24 Jam,4.91,516.33 km,0/1 Konektor Tersedia,"('22 kW',)","(0,)",2025-05-15 18:39:29
SPKLU KORDA ALUE BILIE,"Desa Tuwi Buya, Kec. Darul Makmur, Kabupaten Nagan Raya, Aceh 23662",Buka 24 Jam,0.0,711.78 km,1/1 Konektor Tersedia,"('22 kW',)","(1,)",2025-05-15 18:55:46
SPKLU PLN S2JB Demang,"Jalan Demang Lebar Daun No. 170 Palembang, Sumatera Selatan",Buka 24 Jam,4.74,483.60 km,4/4 Konektor Tersedia,"('30 kW', '22 kW', '60 kW', '60 kW')","(1, 1, 1, 1)",2025-05-15 18:32:41
SPKLU PLN UP3 BINJAI,"Jl. Tengku Amir Hamzah No.37, Pahlawan, Kec. Binjai Utara, Kota Binjai, Sumatera Utara 20748",Buka 24 Jam,4.38,532.32 km,3/3 Konektor Tersedia,"('7 kW', '30 kW', '30 kW')","(1, 1, 1)",2025-05-15 18:45:13
SPKLU PLN ULP KOTANOPAN,"Jl. Lintas Medan, Padang Bulan, Kec. Kotanopan, Kabupaten Mandailing Natal, Sumatera Utara 22994",Buka 24 Jam,5.0,204.27 km,1/1 Konektor Tersedia,"('22 kW',)","(1,)",2025-05-15 18:15:18
SPKLU PLN ULP SAWAHLUNTO,"Jl. Khatib Sulaiman, Santur, Kec. Barangin, Kota Sawahlunto, Sumatera Barat 27355",Buka 24 Jam,5.0,74.13 km,1/1 Konektor Tersedia,"('22 kW',)","(1,)",2025-05-15 17:57:40
SPKLU PLN ULP SAROLANGUN,"Jl. Abdul Manaf No.60, Ps. Sarolangun, Kec. Sarolangun, Kabupaten Sarolangun, Jambi",Buka 24 Jam,5.0,273.21 km,1/1 Konektor Tersedia,"('22 kW',)","(1,)",2025-05-15 18:18:08
SPKLU PLN ULP LANGSA KOTA,"Jl. Jend. A.Yani No.6, Kota Langsa, Aceh 24375",Buka 24 Jam,3.0,643.27 km,1/1 Konektor Tersedia,"('7 kW',)","(1,)",2025-05-15 18:52:09
SPKLU Rest Area KM 215 B Tol Terpeka,"Rest Area KM 208 A Tol Terpeka, Bakauheni - Kayu Agung Rd, Mulya Sari, Gunung Agung, West Tulang Bawang Regency, Lampung 34684",Buka 24 Jam,4.25,611.70 km,1/1 Konektor Tersedia,"('22 kW',)","(1,)",2025-05-15 18:50:46
SPKLU PLN ULP TELANAI PURA,"Jalan Kol. Amir Hamza Lrg. Selamat, Telanaipura, Jambi, Provinsi Jambi 36124",Buka 24 Jam,0.0,293.93 km,1/1 Konektor Tersedia,"('22 kW',)","(1,)",2025-05-15 18:19:34
SPKLU TANG AIA CAFE & RESTO,"Jl. Lintas Sumatera Tengah Nagari Kunangan Parit Rantang, Kamang Baru, Kabupaten Sijunjung, Sumatera Barat",Buka 24 Jam,5.0,66.00 km,1/1 Konektor Tersedia,"('22 kW',)","(1,)",2025-05-15 17:56:07
SPKLU Rest Area KM 65 B Pekanbaru - Dumai,"Jl. Tol Pekanbaru - Dumai No. KM 65 B, Tengganau, Kec. Pinggir, Kabupaten Bengkalis, Riau 28784",Buka 24 Jam,4.5,154.16 km,2/3 Konektor Tersedia,"('50 kW', '50 kW', '22 kW')","(1, 1, 0)",2025-05-15 18:12:56
SPKLU PLN ULP BALAI SELASA,"Jl. Lintas Barat Sumatera, Pelangai, Kec. Ranah Pesisir, Kabupaten Pesisir Selatan, Sumatera Barat 25661",Buka 24 Jam,5.0,175.16 km,1/1 Konektor Tersedia,"('22 kW',)","(1,)",2025-05-15 18:14:27
SPKLU PLN ULP PANTON LABU,"Kota Panton Labu, Tanah Jambo Aye, Kabupaten Aceh Utara, Aceh 24394",Buka 24 Jam,5.0,734.35 km,1/1 Konektor Tersedia,"('22 kW',)","(1,)",2025-05-15 18:59:00
SPKLU TRANSMART PEKANBARU B,"Jl. Musyawarah No.11, Labuh Baru Tim., Kec. Payung Sekaki, Kota Pekanbaru, Riau 28292",Buka 24 Jam,4.0,87.76 km,1/1 Konektor Tersedia,"('22 kW',)","(1,)",2025-05-15 18:01:39
SPKLU PLN ULP LUBUK LINGGAU,"Jl. Yos Sudarso No.5,  Kota Lubuk Linggau, Sumatera Selatan",Buka 24 Jam,5.0,375.57 km,3/3 Konektor Tersedia,"('22 kW', '60 kW', '60 kW')","(1, 1, 1)",2025-05-15 18:23:47
SPKLU THE TRADERS MEDAN,"Jl. Kapten Patimura No.423, Darat, Kec. Medan Baru, Kota Medan, Sumatera Utara 20153",Buka 24 Jam,5.0,517.85 km,1/1 Konektor Tersedia,"('22 kW',)","(1,)",2025-05-15 18:40:01
SPKLU PLN ULP TARUTUNG,"Jl. Guru Mangaloksa No.113, Hutauruk, Kec. Tarutung, Kabupaten Tapanuli Utara, Sumatera Utara 22452",Buka 24 Jam,5.0,365.31 km,1/1 Konektor Tersedia,"('22 kW',)","(1,)",2025-05-15 18:22:57
SPKLU KANTOR BUPATI PASAMAN,"Jl. Jend. Sudirman, Pauah, Kec. Lubuk Sikaping, Kabupaten Pasaman, Sumatera Barat 26318",Buka 24 Jam,0.0,135.13 km,1/1 Konektor Tersedia,"('22 kW',)","(1,)",2025-05-15 18:10:45
SPKLU PLN UP3 PEMATANGSIANTAR,"Jl. Kapten M.H. Sitorus No.1, Proklamasi, Kec. Siantar Bar., Kota Pematang Siantar, Sumatera Utara 21117",Buka 24 Jam,4.76,436.98 km,4/4 Konektor Tersedia,"('30 kW', '30 kW', '100 kW', '100 kW')","(1, 1, 1, 1)",2025-05-15 18:28:33
SPKLU PLN GRAND MERCURE MEDAN,"Jl. Sutomo No.1, Perintis, Kec. Medan Tim., Kota Medan, Sumatera Utara 20235",Buka 24 Jam,5.0,518.93 km,1/1 Konektor Tersedia,"('22 kW',)","(1,)",2025-05-15 18:42:29
SPKLU PLN Universitas Negeri Padang,"Padang, Air Tawar Bar., Kec. Padang Utara, Kota Padang, Sumatera Barat 25173",Buka 24 Jam,5.0,126.30 km,1/1 Konektor Tersedia,"('22 kW',)","(1,)",2025-05-15 18:07:48
SPKLU PLN ULP GEBANG,"Jl. Medan Banda Aceh 67, Pekan Gebang, Kec. Gebang, Kabupaten Langkat, Sumatera Utara 20857",Buka 24 Jam,5.0,573.27 km,1/1 Konektor Tersedia,"('22 kW',)","(1,)",2025-05-15 18:48:36
SPKLU Mall Transmart Carrefour Bandar Lampung,"Jl. Sultan Agung No.283, Way Halim Permai, Kec. Way Halim, Kota Bandar Lampung, Lampung 35132",Buka 24 Jam,4.25,716.58 km,2/2 Konektor Tersedia,"('25 kW', '22 kW')","(1, 1)",2025-05-15 18:56:36
SPKLU PLN MESJID SYUHADA PALANGKI,"Simpang 4 palangki, Koto Baru, Kec. IV Nagari, Kabupaten Sijunjung, Sumatera Barat 27564",Buka 24 Jam,5.0,65.97 km,1/1 Konektor Tersedia,"('22 kW',)","(1,)",2025-05-15 17:55:57
SPKLU PLN KP PANTI,"Jl lintas Panti, Panti, Kabupaten Pasaman, Sumatera Barat 26352",Buka 24 Jam,0.0,157.40 km,1/1 Konektor Tersedia,"('22 kW',)","(1,)",2025-05-15 18:13:06
SPKLU REST AREA KM 116 A LAMPUNG TENGAH,"SPKLU Rest Area km 116 A, Bumi Ratu Nuban, Lampung Tengah",Buka 24 Jam,4.81,686.44 km,3/3 Konektor Tersedia,"('22 kW',)","(1,)",2025-05-15 18:53:49
SPKLU PLN ULP TEMBILAHAN,"Jl. Gn. Daek, Tembilahan Kota, Kec. Tembilahan, Kabupaten Indragiri Hilir, Riau",Buka 24 Jam,4.83,205.68 km,1/1 Konektor Tersedia,"('30 kW',)","(1,)",2025-05-15 18:16:00
SPKLU PLN KTR WALI KOTA PADANG PANJANG,"Silaing Bawah, Kota Padang Panjang, Sumatera Barat",Buka 24 Jam,4.83,103.78 km,3/3 Konektor Tersedia,"('50 kW', '50 kW', '22 kW')","(1, 1, 1)",2025-05-15 18:03:52
SPKLU PLN REST AREA KM 65B,"Tanah Raja, Kec. Sei Rampah, Kabupaten Serdang Bedagai, Sumatera Utara 20986",Buka 24 Jam,5.0,489.61 km,2/2 Konektor Tersedia,"('100 kW', '100 kW')","(1, 1)",2025-05-15 18:35:17
SPKLU PLN UP3 JAMBI,"Jl. Urip Sumoharjo No. 02, Telanaipura, Kota Jambi",Buka 24 Jam,4.92,293.72 km,4/4 Konektor Tersedia,"('22 kW', '60 kW', '60 kW', '22 kW')","(1, 1, 1, 1)",2025-05-15 18:19:18
SPKLU PLN UIW SUMBAR,"Jl. Dr. Wahidin No. 8 Sawahan, Kota Padang, Sumatera Barat",Buka 24 Jam,4.91,127.20 km,3/3 Konektor Tersedia,"('22 kW', '60 kW', '60 kW')","(1, 1, 1)",2025-05-15 18:09:37
SPKLU Rest Area KM 36 B Bangkinang - Pekanbaru,"Jl. Tol Pekanbaru - Bangkinang KM 36 B, Muara Jalai, Kec. Bangkinang, Kabupaten Kampar, Riau 21184",Buka 24 Jam,1.0,81.76 km,0/3 Konektor Tersedia,"('50 kW', '50 kW', '22 kW')","(0, 0, 0)",2025-05-15 17:59:19
SPKLU ULP MEDAN SUNGGAL,"Jl. Bunga Raya No.11, Asam Kumbang, Kec. Medan Sunggal, Kota Medan, Sumatera Utara 20128",Buka 24 Jam,4.29,520.50 km,1/1 Konektor Tersedia,"('22 kW',)","(1,)",2025-05-15 18:43:17
SPKLU PLN ULP SINABANG,"Suka Karya, Simeulue Timur, Simeulue Regency, Aceh 24782",Buka 24 Jam,0.0,628.27 km,1/1 Konektor Tersedia,"('22 kW',)","(1,)",2025-05-15 18:51:53
SPKLU PLN ULP CURUP,"Jl. Ahmad Yani No.77, Sukaraja, Kec. Curup Timur, Kabupaten Rejang Lebong, Bengkulu 39119",Buka 24 Jam,5.0,377.36 km,1/1 Konektor Tersedia,"('22 kW',)","(1,)",2025-05-15 18:24:02
SPKLU PLN ULP SEBERANG KOTA,"Komplek Perkantoran Kabupaten Muaro Jambi, Bukit Balin g, Sekernan, Kab. Muaro Jambi , Jambi 36381",Buka 24 Jam,0.0,278.21 km,1/1 Konektor Tersedia,"('22 kW',)","(1,)",2025-05-15 18:18:44
SPKLU PLN ULP SICINCIN,"Jl. Raya Padang - Bukittinggi Utara PLN No.km.46, Sicincin, Kec. Enam Lingkung, Kabupaten Padang Pariaman, Sumatera Barat",Buka 24 Jam,5.0,118.85 km,1/1 Konektor Tersedia,"('22 kW',)","(1,)",2025-05-15 18:06:26
SPKLU PLN UP3 TANJUNG KARANG,"Jl. Diponegoro No.14, Gotong Royong, Kec. Tj. Karang Pusat, Kota Bandar Lampung, Lampung 35213",Buka 24 Jam,4.86,718.52 km,3/3 Konektor Tersedia,"('4 kW', '50 kW', '50 kW')","(1, 1, 1)",2025-05-15 18:57:28
SPKLU HOTEL SIBAYAK BERASTAGI,"Jl. Merdeka, Gundaling I, Kec. Berastagi, Kabupaten Karo, Sumatera Utara 22156",Buka 24 Jam,4.79,495.38 km,1/1 Konektor Tersedia,"('22 kW',)","(1,)",2025-05-15 18:37:15
SPKLU PLN ULP LIMA PULUH KOTA,"Koto Tuo, Kec. Harau, Kabupaten Lima Puluh Kota, Sumatera Barat 26271",Buka 24 Jam,0.0,73.24 km,1/1 Konektor Tersedia,"('22 kW',)","(1,)",2025-05-15 17:56:23
SPKLU PLN ULP RIMBO BUJANG,"Jl. Pahlawan, Unit 2, Wirotho Agung, Kec. Rimbo Bujang, Kabupaten Tebo, Jambi 37253",Buka 24 Jam,0.0,144.73 km,1/1 Konektor Tersedia,"('22 kW',)","(1,)",2025-05-15 18:12:31
SPKLU REST AREA KM 67 A Tol Bakauheni-Terbanggi Besar,"SPKLU REST AREA KM 67 A Tol Bakauheni-Terbanggi Besar,Serdang, Kec. Tj. Bintang, Kabupaten Lampung Selatan, Lampung 35361",Buka 24 Jam,0.0,728.31 km,1/1 Konektor Tersedia,"('22 kW',)","(1,)",2025-05-15 18:58:50
SPKLU PLN ULP PANGKALAN KERINCI,"JL. Akasia, Pangkalan Kerinci Bar., Kec. Pangkalan Kerinci, Kabupaten Pelalawan, Riau",Buka 24 Jam,5.0,95.95 km,1/1 Konektor Tersedia,"('22 kW',)","(1,)",2025-05-15 18:03:26
SPKLU PLN UP3 SOLOK,"Jl. Prof Dr Hamka, Kota Solok, Sumatera Barat",Buka 24 Jam,4.85,92.48 km,3/3 Konektor Tersedia,"('22 kW', '25 kW', '25 kW')","(1, 1, 1)",2025-05-15 18:03:16
SPKLU PLN ULP AIR MOLEK,"Jl Sultan Ibrahim, Candirejo, Kec. Pasir Penyu, Kabupaten Indragiri Hulu, Riau",Buka 24 Jam,5.0,110.03 km,1/1 Konektor Tersedia,"('30 kW',)","(1,)",2025-05-15 18:05:35
SPKLU PLN ULP PRABUMULIH,"Jl. Diponegoro, Muara Dua, Kec. Prabumulih Timur,  Kota Prabumulih, Sumatera Selatan",Buka 24 Jam,5.0,477.49 km,1/1 Konektor Tersedia,"('22 kW',)","(1,)",2025-05-15 18:31:44
SPKLU PLN UP3 OGAN ILIR,"Jalan Timbangan, Kec. Indralaya Utara, Kab.Ogan Ilir ,Sumatera Selatan",Buka 24 Jam,4.33,493.74 km,1/1 Konektor Tersedia,"('22 kW',)","(1,)",2025-05-15 18:36:12
SPKLU PLN HOTEL HARPER MEDAN,"Jl. K.H. Wahid Hasyim No.53 / 72, Babura, Kec. Medan Baru, Kota Medan, Sumatera Utara 20154",Buka 24 Jam,5.0,518.87 km,1/1 Konektor Tersedia,"('22 kW',)","(1,)",2025-05-15 18:42:13
SPKLU PLN ULP BATURAJA,"Jl. Jend. Ahmad Yani, Baturaja Lama, Kec. Baturaja Timur, Kabupaten Ogan Komering Ulu, Sumatera Selatan 32121",Buka 24 Jam,0.0,530.95 km,1/1 Konektor Tersedia,"('22 kW',)","(1,)",2025-05-15 18:44:53
SPKLU KAPEL KRUI,"Labuhan Jukung, Krui, Kp. Jawa, Kec. Pesisir Tengah, Kabupaten Pesisir Barat, Lampung 34874",Buka 24 Jam,0.0,616.18 km,1/1 Konektor Tersedia,"('22 kW',)","(1,)",2025-05-15 18:50:57
SPKLU PLN ULP RIMO,"Jl. Iskandar Muda, Rimo, Kec. Gn Meriah, Kab. Aceh Singkil, Aceh, 24791",Buka 24 Jam,0.0,475.28 km,1/1 Konektor Tersedia,"('22 kW',)","(1,)",2025-05-15 18:31:19
SPKLU PLN ULP DURI,"Jl. Hangtuah, Air Jamban, Kec. Mandau, Kabupaten Bengkalis, Riau",Buka 24 Jam,4.9,173.14 km,1/1 Konektor Tersedia,"('30 kW',)","(1,)",2025-05-15 18:14:17
SPKLU SOLOK PREMIERE HOTEL SYARIAH,"Jl. Nasir Sutan Pamuncak, Ps. Pandan Air Mati, Kec. Tj. Harapan, Kota Solok, Sumatera Barat 27322",Buka 24 Jam,5.0,90.43 km,1/1 Konektor Tersedia,"('22 kW',)","(1,)",2025-05-15 18:02:31
SPKLU PLN ULP UJUNG BATU,"Jl. Raya Ujung Batu - Bonai Darussalam, Ngaso, Kec. Ujung Batu, Kabupaten Rokan Hulu, Riau",Buka 24 Jam,5.0,139.70 km,1/1 Konektor Tersedia,"('22 kW',)","(1,)",2025-05-15 18:11:23
SPKLU KOLAM RENANG KELOK SIKABU,"Kelok Sikabu, Koto Tuo, Kec. Iv Koto, Kabupaten Agam, Sumatera Barat 26161",Buka 24 Jam,0.0,107.47 km,1/1 Konektor Tersedia,"('22 kW',)","(1,)",2025-05-15 18:05:08
